Site name,Stree name,Postcode
Dakeyne Street,Dakeyne Street,NG3 2AR
Victoria Leisure Centre,Gedling Street,NG1 1DB
Sneinton Joint Service Centre,206 Sneinton Dale,NG2 4HJ
Loxley House,Station Street,NG2 3NG
Walter Halls Primary School,Querneby Road,NG3 5HS
St. Anns Valley Centre,2 Livingstone Road,NG3 3GG
Ambleside Primary School,Minver Crescent ,NG8 5PN
Harvey Hadden Sports Hall ,Wigman Road,NG8 4PB
Minver Sports Centre ,Minver Crescent ,NG8 5PN
Wollaton Hall Children’s Centre,Arleston Drive,NG8 2FZ
